name,position,rank
Cameron Ward,QB,1
Travis Hunter,CB,2
Abdul Carter,EDGE,3
Will Campbell,OT,4
Ashton Jeanty,RB,5
Mason Graham,DL,6
Armand Membou,OT,7
Tyler Warren,TE,8
Jalon Walker,EDGE,9
Tetairoa McMillan,WR,10
Kelvin Banks,OT,11
Shedeur Sanders,QB,12
Will Johnson,CB,13
Mykel Williams,EDGE,14
Colston Loveland,TE,15
Jahdae Barron,CB,16
Mike Green,EDGE,17
Matthew Golden,WR,18
Shemar Stewart,EDGE,19
Walter Nolen,DL,20
Jihaad Campbell,LB,21
Omarion Hampton,RB,22
Malaki Starks,S,23
Kenneth Grant,DL,24
Grey Zabel,IOL,25
Josh Simmons,OT,26
Derrick Harmon,DL,27
Tyler Booker,IOL,28
Donovan Ezeiruaku,EDGE,29
Nick Emmanwori,S,30
Emeka Egbuka,WR,31
James Pearce Jr.,EDGE,32
Jaxson Dart,QB,33
Maxwell Hairston,CB,34
Josh Conerly Jr.,OT,35
Luther Burden,WR,36
TreVeyon Henderson,RB,37
Trey Amos,CB,38
Donovan Jackson,IOL,39
Jalen Milroe,QB,40
Nic Scourton,EDGE,41
Shavon Revel Jr.,CB,42
Mason Taylor,TE,43
Tyleik Williams,DL,44
Aireontae Ersery,OT,45
Carson Schwesinger,LB,46
Jayden Higgins,WR,47
Benjamin Morrison,CB,48
Xavier Watts,S,49
J.T. Tuimoloau,EDGE,50
Darius Alexander,DL,51
Azareye'h Thomas,CB,52
Landon Jackson,EDGE,53
Quinshon Judkins,RB,54
Jonah Savaiinaea,IOL,55
Kaleb Johnson,RB,56
Oluwafemi Oladejo,EDGE,57
Elijah Arroyo,TE,58
T.J. Sanders,DL,59
Jaylin Noel,WR,60
Tate Ratledge,IOL,61
Princely Umanmielen,EDGE,62
Tre Harris,WR,63
Alfred Collins,DL,64
Marcus Mbow,IOL,65
Jordan Burch,EDGE,66
Jack Sawyer,EDGE,67
Darien Porter,CB,68
Kevin Winston Jr.,S,69
Tyler Shough,QB,70
Bradyn Swinson,EDGE,71
Jack Bech,WR,72
Elic Ayomanor,WR,73
Kyle Williams,WR,74
Josaiah Stewart,EDGE,75
Jalen Royals,WR,76
Harold Fannin Jr.,TE,77
Omarr Norman-Lott,DL,78
Andrew Mukuba,S,79
Jared Wilson,IOL,80
Wyatt Milum,OT,81
Shemar Turner,DL,82
Demetrius Knight,LB,83
Terrance Ferguson,TE,84
Ozzy Trapilo,OT,85
Joshua Farmer,DL,86
Charles Grant,IOL,87
Jacob Parrish,CB,88
Kyle Kennard,EDGE,89
Dylan Sampson,RB,90
Cameron Skattebo,RB,91
Ashton Gillotte,EDGE,92
Ty Robinson,DL,93
Emery Jones Jr.,OT,94
Deone Walker,DL,95
Savion Williams,WR,96
Anthony Belton,OT,97
Nohl Williams,CB,98
Cameron Williams,OT,99
Quincy Riley,CB,100
Damien Martinez,RB,101
Will Howard,QB,102
Tory Horton,WR,103
Danny Stutsman,LB,104
C.J. West,DL,105
Billy Bowman,S,106
D.J. Giddens,RB,107
Lathan Ransom,S,108
Gunnar Helm,TE,109
R.J. Harvey Jr.,RB,110
Jamaree Caldwell,DL,111
Jason Marshall Jr.,CB,112
Tai Felton,WR,113
Chris Paul Jr.,LB,114
Jonas Sanker,S,115
Miles Frazier,IOL,116
Smael Mondon Jr.,LB,117
Dylan Fairchild,IOL,118
Jaylen Reed,S,119
Bhayshul Tuten,RB,120
Denzel Burke,CB,121
Dorian Strong,CB,122
Quinn Ewers,QB,123
Jordan James,RB,124
Jared Ivey,EDGE,125
Devin Neal,RB,126
Jordan Phillips,DL,127
Tez Johnson,WR,128
Barrett Carter,LB,129
Zah Frazier,CB,130
Isaiah Bond,WR,131
Kyle McCord,QB,132
Chase Lundt,OT,133
Aeneas Peebles,DL,134
David Walker,EDGE,135
Jeffrey Bassa,LB,136
Xavier Restrepo,WR,137
Cody Simon,LB,138
Jaydon Blue,RB,139
Trevor Etienne,RB,140
Malachi Moore,S,141
Saivion Jones,EDGE,142
Barryn Sorrell,EDGE,143
Ty Hamilton,DL,144
Brashard Smith,RB,145
Jalen Rivers,OT,146
Seth McLaughlin,IOL,147
Jalen Travis,OT,148
Cobee Bryant,CB,149
Caleb Ransaw,S,150
Mitchell Evans,TE,151
Rylie Mills,DL,152
Vernon Broughton,DL,153
Elijah Roberts,DL,154
Antwaun Powell-Ryland,EDGE,155
J.J. Pegues,DL,156
Zy Alexander,CB,157
Ollie Gordon II,RB,158
Jack Kiser,LB,159
Logan Brown,OT,160
Jackson Slater,IOL,161
Pat Bryant,WR,162
R.J. Mickens,S,163
Ajani Cornelius,OT,164
Jordan Hancock,CB,165
Oronde Gadsden II,TE,166
Teddye Buchanan,LB,167
Isaac TeSlaa,WR,168
Jaylin Lane,WR,169
Nick Martin,LB,170
Dont'e Thornton,WR,171
Tyrion Ingram-Dawkins,EDGE,172
Kobe King,LB,173
Carson Vinson,IOL,174
Upton Stout,CB,175
Jarquez Hunter,RB,176
Cam Jackson,DL,177
Dillon Gabriel,QB,178
Tyler Baron,EDGE,179
Hollin Pierce,OT,180
Luke Kandra,IOL,181
Caleb Rogers,IOL,182
Sebastian Castro,S,183
Drew Kendall,IOL,184
Fadil Diggs,EDGE,185
Justin Walley,CB,186
Joshua Gray,IOL,187
Craig Woodson,S,188
Que Robinson,EDGE,189
Jah Joyner,EDGE,190
LeQuint Allen Jr.,RB,191
Jake Majors,IOL,192
Jackson Hawes,TE,193
Thomas Fidone II,TE,194
Bilhal Kone,CB,195
Jack Nelson,OT,196
Riley Leonard,QB,197
Hunter Wohler,S,198
Jalin Conyers,TE,199
Jake Briningstool,TE,200
Tommi Hill,CB,201
Jo'Quavious Marks,RB,202
Kain Medrano,LB,203
Nick Nash,WR,204
Mac McWilliams,S,205
Shemar James,LB,206
Willie Lampkin,IOL,207
Collin Oliver,EDGE,208
Yahya Black,DL,209
Kyle Monangai,RB,210
Maxen Hook,S,211
Jabbar Muhammad,CB,212
Myles Hinton,OT,213
Luke Lachey,TE,214
Korie Black,CB,215
Tahj Brooks,RB,216
Raheim Sanders,RB,217
Keandre Lambert-Smith,WR,218
Bryce Cabeldue,IOL,219
Jaylin Smith,CB,220
Kitan Crawford,S,221
Tonka Hemingway,DL,222
Connor Colby,IOL,223
Chimere Dike,WR,224
Jay Higgins,LB,225
Andrew Armstrong,WR,226
Mello Dotson,CB,227
Kaimon Rucker,EDGE,228
Howard Cross III,DL,229
Robert Longerbeam,CB,230
Kalel Mullings,RB,231
Jay Toia,DL,232
Donovan Edwards,RB,233
Elijhah Badger,WR,234
Kobe Hudson,WR,235
Alijah Huzzie,CB,236
Tyler Batty,EDGE,237
Jimmy Horn Jr.,WR,238
Clay Webb,IOL,239
Ricky White,WR,240
Ahmed Hassanein,DL,241
Garrett Dellinger,IOL,242
Dante Trader Jr.,S,243
Cam Horsley,DL,244
Jermari Harris,CB,245
Nazir Stackhouse,DL,246
Cody Lindenberg,LB,247
Brandon Crenshaw-Dickson,OT,248
Dan Jackson,S,249
Moliki Matavao,TE,250
Tim Smith,DL,251
Eli Cox,IOL,252
Benjamin Yurosek,TE,253
Warren Brinson,DL,254
Xavier Truss,OT,255
C.J. Dippre,TE,256
Marcus Yarns,RB,257
Phil Mafah,RB,258
Isaiah Neyor,WR,259
Simeon Barrow Jr.,DL,261
Jared Harrison-Hunte,DL,262
Jamon Dumas-Johnson,LB,263
Joshua Simon,TE,264
Marques Sigle,S,265
Carson Bruener,LB,266
Kaden Prather,WR,267
Eugene Asante,LB,268
Max Brosmer,QB,269
Rayuan Lane III,S,270
Ja'Corey Brooks,WR,271
Junior Tafuna,DL,272
Jacory Croskey-Merritt,RB,273
Arian Smith,WR,274
Kurtis Rourke,QB,276
Shaun Dolac,LB,277
Bru McCoy,WR,278
John Williams,OT,279
Brandon Adams,CB,280
Corey Kiner,RB,281
Efton Chism III,WR,282
Joe Huber,IOL,283
Jordan Watkins,WR,284
Will Sheppard,WR,285
Konata Mumpfield,WR,286
Dean Clark,S,287
Samuel Brown,WR,288
LaJohntay Wester,WR,289
Jackson Woodard,LB,290
Brady Cook,QB,291
Montrell Johnson,RB,292
Theo Wease,WR,293
Zeek Biggers,DL,294
Elijah Ponder,EDGE,295
R.J. Oben,EDGE,296
Hayden Conner,IOL,297
Seth Henigan,QB,298
Thomas Perry,IOL,299
Dominic Lovett,WR,300
